Comment_ID,Author_ID,Author,Text,Likes,Comment_Date,sentiment
7352807393921221381,7276327262969463814,cer.64,keluar nya jauh bgt,5893,2024-04-01 15:08:17,negative
7354101741417726725,6571264495653044226,r4a___,"seribu kenangan, walaupun cape jalan keluar nya anjirğŸ˜ğŸ«µğŸ»",5468,2024-04-05 02:50:54,negative
7354175450358399750,6878220614285853701,ucimeylani,candi prambanan aku titip kenanganku ditempatmu waktu study tour,3502,2024-04-05 07:36:54,neutral
7354041271454040837,6974274678932358146,xly.zaraa,"kangen bgt sama jogja, apalgi kenangan nya.",2675,2024-04-04 22:56:18,positive
7352670272598147845,6953214550665741313,ghs.yaa,"aku, kamu, Prambanan",750,2024-04-01 06:16:07,neutral
7353104365945422598,7288632434965742597,fkri992,kangen bnget jogjaa,579,2024-04-02 10:20:38,positive
7354221296525394694,7237089165363905541,jeepaaa_,bisa ga ya study tour part 2 ke prambanan ? :(,336,2024-04-05 10:34:50,neutral
7354257741920224005,6863670722289746945,gatauuuuu295,"aku, teman"" smp dan candi prambanan",196,2024-04-05 12:56:23,neutral
7354228391798735622,7067501244290728961,cell_oooo0,"aku kamu dan candi prambanan kala itu""sekarang asing""ğŸ™‚",113,2024-04-05 11:02:21,neutral
7354322897597530886,7269007793822499841,snyshaa_,disitunya cuma sebentar tapi kenangannya ga sebentar,93,2024-04-05 17:09:11,positive
7354240144185541381,7280853490175296518,_wandael,paling gabisa kalo liat kaya gini dejavu nya sakit,86,2024-04-05 11:48:07,neutral
7354213785295405829,6986160637412328449,caasukapedes,aku temanÂ² dan segala kenangannya di jogja kala itu ğŸ˜«ğŸ˜…,58,2024-04-05 10:05:43,neutral
7354304866020573958,7257023904543392769,skygirlzahc_,ninggalin banyak kenangan di Prambanan sm temen temen ğŸ˜ğŸ˜,49,2024-04-05 15:59:22,neutral
7354594523445887750,7248566018464056326,jieraa_kgya,mauu ke jogja lagii â˜¹ï¸,46,2024-04-06 10:43:10,neutral
7354253625826788101,7025785727434753025,mthy.p,banyak kenangan di candi Prambanan plisssğŸ˜”,43,2024-04-05 12:40:21,positive
7354252146857198342,6849622212581622785,itss.raaaa01,Jogja indah dngn segala kenangan ny,35,2024-04-05 12:34:39,positive
7354241165086442246,7184412813127910402,janjniithv1234,@ini_caaa:aku temanÂ² dan segala kenangannya di jogja kala itu ğŸ˜«ğŸ˜…,29,2024-04-05 11:52:00,neutral
7354229894223692550,6958661072052257797,ddepina_,@ini_caaa:aku temanÂ² dan segala kenangannya di jogja kala itu,26,2024-04-05 11:08:13,neutral
7354250933146141446,7183615084030936091,rayyyyyyw1,kangenn jogjağŸ˜­,15,2024-04-05 12:29:52,positive
7354273825754039046,7251829642691937298,andaee_,keluar nya jauh banget gue sampe nyasar ğŸ˜­ğŸ˜­,13,2024-04-05 13:58:43,negative
7354259505930994437,6741642976755368962,urvell._,aku dan teman-teman sd di kala itu,12,2024-04-05 13:03:13,neutral
7358374245317755653,7339121905679434757,mahalini.a.r,seribu kenangan di jogja kala itu,9,2024-04-16 15:10:27,neutral
7354222159760130821,7111183930360038402,mldapna_,@uci:candi prambanan aku titip kenanganku ditempatmu waktu study tour,9,2024-04-05 10:38:16,neutral
7354218252753584901,7114981245315023873,kyais_,duh euy disinith banyak kenangan sm dia,8,2024-04-05 10:23:06,neutral
7372934234396377862,6866219193500992514,y0uknow3,"aku, kamu dan candi prambanan kala itu",7,2024-05-25 20:50:32,neutral
7354267413867823878,6875514203391706113,pinkloov3e,"seribu kenangan, walaupun cape jalan keluar nya ğŸ˜",7,2024-04-05 13:33:58,negative
7354242174891311878,7147159383208854530,nasipah_,ini gk ada study tour part 2???,6,2024-04-05 11:55:54,neutral
7354045892205101830,7168662706454053915,msss_uuu,"aku, kamu, Prambanan, studytour",6,2024-04-04 23:14:11,neutral
7353551026089886469,7132497962747642906,dibeh.xy,gua foto Ama buleğŸ—¿,6,2024-04-03 15:13:55,neutral
7354271438739079941,6717978306506392578,qiela444,pas kesana di sambut ujan gede,5,2024-04-05 13:49:35,neutral
7362764569616106245,7090748605858792454,luu.vynta,aku kamu dan candi Prambanan kala itu,4,2024-04-28 12:01:29,neutral
7354570527602033414,7296480422552634373,daaael8,"aku sudah mencintai orang baru, tapi aku masih gak bisa lupain kenangan aku dengan masa lalu di jogjağŸ˜”ğŸ˜”",4,2024-04-06 09:10:03,positive
7354965265181983493,7296819538501321733,o.rinee,ke jogja lagi bukan untuk liburan tapi jadi mahasiswa ğŸ˜,4,2024-04-07 10:41:47,neutral
7375508433296589573,6858228976349070338,gataumalesmaubelibeli,ternyata panas banget anjr disitu ğŸ˜­ğŸ˜­,3,2024-06-01 19:19:46,neutral
7354676450194735878,7095600253303587866,abcd.eci,@uci:candi prambanan aku titip kenanganku ditempatmu waktu study tour,3,2024-04-06 16:01:07,neutral
7354501824080823046,7287519030247572486,nanaauraa13,prambanan tunggu aku kembali yaa,3,2024-04-06 04:43:28,neutral
7354341107252642565,7135781578294199297,ssalmaaa_4,"aku, keluarga dan candi waktu itu..",3,2024-04-05 18:19:54,neutral
7372575520457097990,7024997564890104858,aderuu48__,"seribu kenangan, walaupun waktu itu hujan,tapi tetap seribu kenangan ,candi prambanan aku titip kenanganku ditempatmu waktu study tour",2,2024-05-24 21:38:41,neutral
7367335929107514118,7002182087390299163,paaa.yoya,@natpawwelekk @ciuci:candi prambanan aku titip kenanganku ditempatmu waktu study tour,2,2024-05-10 18:46:24,neutral
7375793816639046405,6904427416187438082,gfjuyeonn,@u:candi prambanan aku titip kenanganku ditempatmu waktu study tour,2,2024-06-02 13:47:15,neutral
7367965124718101253,6887036792316281857,pwe3tys0ul1,@cimey:candi prambanan aku titip kenanganku ditempatmu,2,2024-05-12 11:28:00,neutral
7372579387705606917,6959323126921413633,deedindaaa,"seribu candi,seribu kenangan.",2,2024-05-24 21:53:38,neutral
7375772474825671430,7086139062092874779,ndaeeyaa_,kangen tour ke Prambanan ğŸ¥ºğŸ¥ºğŸ¥º,2,2024-06-02 12:24:31,positive
7354536539713454855,7139442369845281793,sjhshsbdbb,@rasya @Den puanas rek,2,2024-04-06 06:58:10,negative
7354336834161279750,6810280262779225089,nllisaa_,@??? @illa hayoo lo,2,2024-04-05 18:03:10,neutral
7370613085809836805,7333199120636625925,aira2408009,@lylysher12 kangennn jogjaaaa,2,2024-05-19 14:43:28,positive
7354715094260171526,7194446074685309954,yral0av,@uci:candi prambanan aku titip kenanganku ditempatmu waktu study tour,2,2024-04-06 18:31:05,neutral
7354647313031873285,7136879916708054017,mlvnazrd,@uci:candi prambanan aku titip kenanganku ditempatmu waktu study tour @erista lucu pol disek,2,2024-04-06 14:08:07,positive
7354497225571336966,6876335981755941889,notbyyy___,@uci:candi prambanan aku titip kenanganku ditempatmu waktu study tour,2,2024-04-06 04:25:33,neutral
7354764237061718789,6946111836354905089,251.618,aku titip kenanganku sm dia yg gabisa diulang lagi yaağŸ˜ƒ,2,2024-04-06 21:41:43,neutral
7354391876022436614,7123748159595856923,anaaaaco_,candi perambanan aku titip kenanganku ditempatmu dikala kemah,2,2024-04-05 21:36:50,neutral
7355187414035727109,7112678578752439323,mattch4444,kenangan study tour membekas banget siğŸ™‚@Inah 10 @Dazzlingqueen.rinn @Ø§Ø±ÙŠÙ† Ø­Ù…ÙŠØ¯Ø©âœ¨,2,2024-04-08 01:03:51,neutral
7354331178110239493,7082619200987989018,maasukmaa,@aviawww woilah pnggon adw pto,2,2024-04-05 17:41:25,neutral
7354647440257434373,7116108874310321153,syaaayoi,"aku, kalian, dan candi Prambanan kala itu.",2,2024-04-06 14:08:33,neutral
7354301253537350406,6932465784641127426,ridho235653,"aku,kamu,dan prambananğŸ˜¢",1,2024-04-05 15:45:14,neutral
7371184251909751558,6848233149664838657,siomay510,CANDI PRAMBANAN AKU TITIP KENANGANKU DITEMPATMU WAKTU PERPISAHAN,1,2024-05-21 03:39:51,neutral
7372857348693672709,7068471236305962011,sannysls,"aku, kamu dan candi Prambanan saat itu...",1,2024-05-25 15:52:13,neutral
7372495371912856325,7147310635587798043,urf4vboys._,first time ke Prambanan se bagus itu,1,2024-05-24 16:27:41,positive
7375803855118353158,7177720463556051974,auraauliaputrimine,inget banget dulu nyasar di situ,1,2024-06-02 14:26:12,neutral
7375817536242123525,6972808494014727170,icawyekann,"jalan keluarnya jauh bgt anjr, tapiii seruuuu",1,2024-06-02 15:19:21,positive
7372481511796523781,6962091669547090946,asyu.12,"aku pernah kesini bersama orang yg special , tapi sekarang orang itu sudah bahagia dengan pilihannyağŸ˜",1,2024-05-24 15:33:45,positive
7354741074725962501,7341590924655215622,fdln.16,aku kamu dan candi di waktu itu@billa,1,2024-04-06 20:11:49,neutral
7354969386274358022,7052993935966340122,itsmejaslyynn,@jekeyRa @all stars` mlbb @yui disini tempatnya kita kesesat,1,2024-04-07 10:57:47,neutral
7354891780326458117,6825802112522519554,jpngjpn,@M forr wkakaka,1,2024-04-07 05:56:43,neutral
7372561259173479173,7352069221055448069,pr3tyy_gurl,@â‰ fkrii`:kangen bnget jogjaa,1,2024-05-24 20:43:20,neutral
7374690910557340421,6972532594432902146,nouzennbruhh,"candi prambanan, aku titip kenanganku ditempatmu, suatu hari nanti aku akan kembali dengan membawa seseorang",1,2024-05-30 15:15:49,neutral
7373288245969093382,7357227567311520774,whoiscnaa,GAYSS MINGGU MARENN AKU KESANAAAğŸ˜‹ğŸ˜‹ğŸ˜‹,1,2024-05-26 19:44:23,neutral
7354422705733812998,7022149018755040282,rillkhmaniezz,@ğ‰e seru bgt plis pengen skuteran lgiğŸ›´,1,2024-04-05 23:36:28,positive
7354654631639270149,7172688601167479835,4phorstarsa,@FlowerpuffğŸ’âœ¨ dejavu awal tahun 2023ğŸ™ƒ,1,2024-04-06 14:36:28,neutral
7376163365951439622,7073055931698201602,_vlncaaaaa,cape kluarnya doangğŸ˜­,1,2024-06-03 13:41:19,neutral
7372061818644333318,6745353414873973761,dianamawar6,"14 Maret 2017 bersama teman"" dan guru"" kala sore hari dimana waktu itu langit cerah dan berawanâ¤",1,2024-05-23 12:25:10,positive
7371601970258625286,7317213777597383685,mitaaa4u,"Aku kesana panas bgtt mana keluar nya jauh, tp jujur bgus bgt ğŸ˜",1,2024-05-22 06:40:57,negative
7371273257691546373,7267079095170958342,alwyslovely,KANGEN KEMAH DISITU ğŸ˜,1,2024-05-21 09:25:12,neutral
7368059192853545734,6857483709635167233,kaawdyzh80,"@zahraaa.:kangen bgt sama jogja, apalgi kenangan nya.",1,2024-05-12 17:33:05,neutral
7368005198255686406,7232293305559057434,ekaachoiii,banyaakkk bgtt kenangann dii jogjaa,1,2024-05-12 14:03:28,neutral
7354956303939453701,6629610330400456706,cudburyychese,@uci:candi prambanan aku titip kenanganku ditempatmu waktu study tour,1,2024-04-07 10:07:08,neutral
7354624793122325253,6838448401593795586,frellana,"candi Prambanan saksi,kalau duit gua ilangğŸ—¿ğŸ—¿",1,2024-04-06 12:40:48,neutral
7354625331159384838,7108697735850853377,rynx_clown,"candi Prambanan aku titip kenangan aku sama tmn ku saat fotbar sama bule, kala study tour saat perpisahan sdğŸ™‚",1,2024-04-06 14:22:49,neutral
7354614384431203078,7077777524059702299,ndnfsh_,@uci:candi prambanan aku titip kenanganku ditempatmu waktu study tour,1,2024-04-06 12:00:13,neutral
7354401361134207750,7287178430586618885,_itsscaa2,@uci:candi prambanan aku titip kenanganku ditempatmu waktu study tour,1,2024-04-05 22:13:34,neutral
7354557614813152005,6754557683334562817,.dxshtaa,"@144p:aku, teman"" smp dan candi prambanan",1,2024-04-06 08:20:00,neutral
7354344697168872198,6840394780167717890,briannn16_,@uci:candi prambanan aku titip kenanganku ditempatmu waktu study tour,1,2024-04-05 18:33:43,neutral
7354419786241032965,7048491538687804442,vin_nda77,@uci:candi prambanan aku titip kenanganku ditempatmu waktu study tour,1,2024-04-05 23:25:00,neutral
7354419588774740741,7107491199107712027,kekeulla,candi prambanan aku titip kenanganku ditempatmu bersama papa dan teman teman papa kala itu..,1,2024-04-05 23:24:23,neutral
7354301793071481606,6979512172666946562,laaxyzs,@uci:candi prambanan aku titip kenanganku ditempatmu waktu study tour,1,2024-04-05 15:47:16,neutral
7354396884955431685,7156092449474708482,yyzzlyz,@uci:candi prambanan aku titip kenanganku ditempatmu waktu study tour,1,2024-04-05 21:56:09,neutral
7354345208857985797,6663678645058699265,rahvryy16,"@CellÂ²Â²:aku kamu dan candi prambanan kala itu""sekarang asing""",1,2024-04-05 18:35:42,neutral
7354545052248605446,7007167628515853314,555dvry,@uci:candi prambanan aku titip kenanganku ditempatmu waktu study tour,1,2024-04-06 07:31:11,neutral
7354310220430328581,7105997230293713946,airaa1810__,"@m1lL0vee:aku, kamu, Prambanan
@uci:candi prambanan aku titip kenanganku ditempatmu waktu study tour",1,2024-04-05 16:19:55,neutral
7357380385523106566,7203854519931192346,xyditt_03,"gw yg rmh klaten utara, bosen ke Prambanan,daerah JogjağŸ—¿ğŸ—¿",1,2024-04-13 22:53:41,neutral
7355377420859671302,7043347251099517978,raaxy0.0,"jogja..
tempat aku mengikhlaskan semuanya,dan ku titip semua rindu ku disana.",1,2024-04-08 13:21:12,positive
7354427820771590917,6954703525813666818,abelliaaptriii,"sygnya wktu study tour kesna ujan,ada g sih studytour pt 2?kgn jogja dan kenangannyağŸ˜",1,2024-04-05 23:56:20,neutral
7354564809030042373,6799538151498662914,aaorell._,"candii prambanan,aku titip kenanganku smaa dia yaa..",1,2024-04-06 08:47:49,neutral
7354328160278561542,6747880651075666945,l0vyyu,"aku, kamu, Prambanan waktu itu",1,2024-04-05 17:29:35,neutral
7354725257800205062,6571295348776615938,qlaa__20,pernah hujan hujanan di Prambanan,1,2024-04-06 19:10:27,neutral
7354324344010900230,7012485456609428486,amiiwee10,"aku,kamu,januari,dan prambanan saat itu",1,2024-04-05 17:14:42,neutral
7354320404784481030,6990953067508925442,empprruttt,"aku,kamu, prambanan kala itu",1,2024-04-05 16:59:34,neutral
7355540272812262149,7342009710013449234,zrekek,setiap lebaran Alhamdulillah kesana karena ke rumah saudara,1,2024-04-08 23:53:09,neutral
7355473667936781061,7182011264502531073,tetinnaprr006__,@wndspynti kgn candinya atau seseorang yg nymperin ke candinyağŸ˜²,1,2024-04-08 19:34:45,neutral
7355419880676492038,7312692069684216838,nata.ec.n,beribu kenangan walau saat itu aku hanya bisa diam,1,2024-04-08 16:06:06,neutral
7355110467717612294,6994403981717029890,nviindrya,@ciwy:keluar nya behh muter muter tapi seruuu pengen kesana lagii,1,2024-04-07 20:05:19,positive
7354995014278415109,7104966075679720475,kur0mi_sheil,setiap pulang kampung pasti tujuan pertama ya ke candi ğŸ˜­ğŸ˜­,1,2024-04-07 12:37:23,neutral
7354978850883027717,6871770163840549890,matchadepanmuu_2,"@raa ?:seribu kenangan, walaupun cape jalan keluar nya anjirğŸ˜ğŸ«µğŸ»",1,2024-04-07 11:34:40,neutral
7354958499846587142,7348360725863121925,nazrulirsyad0,muternya jauh banget,1,2024-04-07 10:15:40,negative
7354935770966180613,7169951660540904450,nfsa073,kangenn jogjaaa,1,2024-04-07 08:47:20,neutral
7354870136916280069,7033746371152856090,gizhao,@luc bule yg ngajak kamu omong gmn yah,1,2024-04-07 04:32:39,neutral
7354827791550202629,7312742824059257861,thea.alysia,woii djavu itu sakit,1,2024-04-07 01:48:20,negative
7354720996433380101,7033357445149852699,raaa.a.203,"@raa ?:seribu kenangan, walaupun cape jalan keluar nya anjirğŸ˜ğŸ«µğŸ»",1,2024-04-06 18:53:55,neutral
7354644161411416837,7222799087673754630,danzyxdanz,info judul lagu apa kak?,1,2024-04-06 15:14:32,neutral
7354609750846112517,7055117228027184155,aydbdsj,"@raa ?:seribu kenangan, walaupun cape jalan keluar nya anjirğŸ˜ğŸ«µğŸ»",1,2024-04-06 11:42:21,neutral
7354607152085091077,7024082770507334658,aulia_shifa14,aku dan teman teman kemah waktu ituuğŸ¥ºâ¤ï¸.,1,2024-04-06 11:32:17,neutral
7354527391139529477,7194103942475711514,urgrl_25,"@raa ?:seribu kenangan, walaupun cape jalan keluar nya anjirğŸ˜ğŸ«µğŸ»",1,2024-04-06 06:22:36,neutral
7354350662714917637,7349155568702325766,anissa1645,"@raa ?:seribu kenangan, walaupun cape jalan keluar nya anjirğŸ˜ğŸ«µğŸ»",1,2024-04-05 18:56:52,neutral
7354342325793882885,6860096855616455682,dwivalentinaa,"@â¤ï¸â€ğŸ©¹.:kangen bgt sama jogja, apalgi kenangan nya.",1,2024-04-05 18:24:34,neutral
7354313402888520453,6562045183751553026,arnellitaalsyifaputri,kangen main sepeda disana..,1,2024-04-05 16:32:20,positive
7376559364566631174,6964174272383157250,abcdpr99a,@rffxlyy I miss this place,1,2024-06-04 15:18:03,neutral
7355007754312434437,7007861224147747841,who.beyyaa,@âœ§ apan karo parilğŸ˜ğŸ˜,1,2024-04-07 14:17:42,neutral
7370652819348833029,6905304910624998401,zsarss,"candi prambanan with you, sa",1,2024-05-19 17:17:33,neutral
7368359315755041542,6958349318165234694,zzzian18,one day jogja date with u,1,2024-05-13 12:57:36,neutral
7354679900970976005,6867394846786536450,jazssnxnxyvsvxggvs,seribu kenangan yang tak akan sirna,1,2024-04-06 16:14:37,neutral
7376540273352114950,7303901990902465541,cntkaaskakm,@u:candi prambanan aku titip kenanganku ditempatmu waktu study tour,1,2024-06-04 14:03:53,neutral
7372811212813353734,6980934838408807426,aureliaartika2,candi Prambanan memang sebagus itu jika sore. Jogja aku titip kenangan dimana pun itu waktu study tour kala itu â¤,1,2024-05-25 12:53:11,neutral
7367979324635054853,7239953355592729601,afiahasna123,"rumah aku di prambanan,temen aku jualan di candi prambananğŸ˜ğŸ˜ğŸ˜ğŸ˜",1,2024-05-12 12:23:03,neutral
7362401588004487941,7155534661849793537,fahery.jf,"aku, temen"", prambananğŸ¥¹",1,2024-04-27 11:38:36,neutral
7360962602815652614,6957938401976124422,y_mlxxy,aku kamu dan prambanan kala itu :),1,2024-04-23 14:34:34,positive
7357312110567539462,6831126505440445441,raraatira,"Ketemu mas mas teknik sipil universitas Makassar yang semua cowoknya ganteng""ğŸ˜­",1,2024-04-13 18:28:46,neutral
7354425389115376389,7014127154368480283,only25a,banyakkk bgtt kenangannyaa jadii kangennâ˜¹ï¸â˜¹ï¸,1,2024-04-05 23:46:53,neutral
7354561485332284165,7260788702553031686,_njmi6,Dejavu 2020,1,2024-04-06 08:34:54,neutral
7354618208341115654,6923957225040413697,bchkmrin,@gndlmuu0 akuu kamuu dannn candiii kalaaa ituuuuuuu,1,2024-04-06 12:15:07,positive
7354534037090878214,7213333666893546497,rennnnnnnnn00,@dinda febiyan,1,2024-04-06 06:48:30,neutral
7354380317131703046,6752465698100298754,hindunanisa417,@Dwmrfstia,1,2024-04-05 20:51:53,neutral
7371423752527987461,7244044883760268293,rendzxx77,@renzz kw,1,2024-05-21 19:38:06,negative
7368368147792986885,7184399263622267905,vragista__,@ğŸ¦– @mrvndaa @pidut ğŸ @ğŸ—¿  cammi cammi,1,2024-05-13 13:31:51,neutral
7367192927775277830,6974882683307918337,fdhsn__,@mayakhrn,1,2024-05-10 09:31:32,neutral
7354641991249314565,7283921930507453446,raffi.alghifari2,@asfariltfhi @Fdln,1,2024-04-06 13:47:32,neutral
7354429689414075141,7211723083551081473,zee_aaa02,@renn @lonelyuci,1,2024-04-06 00:03:32,neutral
7354339221249999622,6859571551663211521,an0ther.4tinn,@ğ« ğŸğ¨ğ« ğ«ğšğ«ğš,1,2024-04-05 18:12:34,neutral
7354339042731819782,7247528229610144774,cipaauu1,@Desss,1,2024-04-05 18:11:51,neutral
7371711204131832581,7322630879489393672,vitafebriaaa,aku kamu nyasar dan candi prambanan,1,2024-05-22 13:44:39,neutral
7355061968309437190,7278985069225542658,kellsxz_,kangen jogjaaa....ğŸ˜ğŸ«¶ğŸ»,1,2024-04-07 16:57:04,positive
7354328642627207942,7123069162037167130,awelyaa__,@ğ™š A,1,2024-04-05 17:31:25,neutral
7354419138733638406,7189993841176577051,xgzysepp,@jisung_gf010 ngok,1,2024-04-05 23:22:35,neutral
7376516260111270661,6919999415673390085,nss4131,@ğŸªâ™¡âœ§Ë– Â° @å“ªä¸€ä¸ª seribu kenangan studi toorğŸ¥ºğŸ¥ºğŸ¥º,0,2024-06-04 12:30:47,neutral
7373488563498861317,6870018554558710785,_urpanpan,"inget bnget wktu study tour ke prambanan gw lgi ngntri msuk cndi, hari itu panas bnget trus gw numpang neduh di payung mas"" yg jaga pintu candi, trus ad rombongan anak sd study tour dteng-",0,2024-05-27 08:41:40,negative
7376548850163811077,6776736209474520066,sfrptri.a,@kyla:KENANGAN DI CANDI WITH FAMILY SERUU BANGET,0,2024-06-04 14:37:17,neutral
7374423471415231237,7038098381663519770,.arnsa,"@user428304629263926 isek iling Tora mlaku""ğŸ¤£",0,2024-05-29 21:09:32,neutral
7354414037135278854,7019464186074940443,naswarahmadani160,@ğŸ¦‹ gonku panik iso mole op nggaağŸ˜­,0,2024-04-05 23:02:50,negative
7354333532543648518,7100217927613662210,ntlmgh,@noottttt_26 ak kmu dan prambanan?,0,2024-04-05 17:50:21,positive
7354352948870923013,6789167433312928770,l0vly0oou_,@ğŸ¦–ğŸ¦– aku kamu dan sepedaan salah arahğŸ˜­ğŸ˜­ğŸ˜­ğŸ˜­,0,2024-04-05 19:05:46,negative
7355341383425409798,7109816667899921435,hsyeinz,@â˜†â˜… keinget ank bule labuhğŸ˜­,0,2024-04-08 11:01:25,neutral
7354345198132478725,7108642049817248769,urf4v_dyaa,"@Enii âœ¨ğŸ‘€ semisal aku, dia, anak kita gmna yaa",0,2024-04-05 18:35:41,neutral
7354461032628634374,7144235282090705947,rdtl87,@cimdeei04_ hyg naek deiğŸ˜­ğŸ˜‚,0,2024-04-06 02:05:10,neutral
7372074515486229254,7070818677767914497,rangga_belumvakum,@Kamu nanya siapa saya ayo poto nng kene nehğŸ˜‚ğŸ—¿,0,2024-05-23 13:14:28,neutral
7375158684147548933,6873002522844677121,hihih_iya1,@ğŸ«€ Jogja kenangan paling indah,0,2024-05-31 20:42:30,positive
7376458886213141254,7282385409010369538,nightzyuja,kgn kemah disini lg,0,2024-06-04 08:48:02,neutral
7376250042140590854,6958767102703879174,wdyayy4,"@raulllğŸ§šğŸ»â€â™€ï¸:seribu kenangan, walaupun cape jalan keluar nya anjirğŸ˜ğŸ«µğŸ»",0,2024-06-03 19:17:41,negative
7375774164428440326,7326914452480459781,hauaiaiwiwjanan,"HSHSHSH, ITU KENANGAN YG GK BISA KU LUPAIN...dimana wktu nyaa keluar dri candi prambanan nyaa jauh bgttt",0,2024-06-02 12:30:57,negative
7375932035997385478,7050180877846987803,nonenaa__,gatau setiap denger lagu ini sesek bgt napas rasanya,0,2024-06-02 22:43:36,neutral
7375766128256385798,7236732514835268614,yxyrsr,@u:candi prambanan aku titip kenanganku ditempatmu waktu study tour,0,2024-06-02 11:59:52,neutral
7375071262689510149,7096124401569858587,allvinoooo,"@manja jelitağŸ’‹:aku, kamu dan candi prambanan kala itu",0,2024-05-31 15:03:25,neutral
7375756754673632006,6846392979420644354,arrrrrryyyyyyaaa,@u:candi prambanan aku titip kenanganku ditempatmu waktu study tour,0,2024-06-02 11:23:23,neutral
7375549075095159558,7276672519523648517,_papawwww,"aku,kamu,dan Prambanan",0,2024-06-01 21:57:27,neutral
7374398652416017158,7150793844140377089,cegillibraaaa,"aku, kamu dan candi prambanan.",0,2024-05-29 19:33:18,neutral
7374039968262554373,7330999448242127878,scrpio001,aku kamu dan candi prambanan waktu itu.,0,2024-05-28 20:21:27,neutral
7372833226376037125,6950082539797693442,dddd.ella,pengen ke candi prambanan lagiii:(ğŸ’,0,2024-05-25 14:18:44,neutral
7374641879311729414,7363994479425455110,jkt_four8,rumah ku Deket situ,0,2024-05-30 11:17:17,neutral
7374640394942726918,6965684893906355202,gaaxnzy,pas mau keluar nya jauh bet Ampe kaki keram jir lahğŸ˜…,0,2024-05-30 11:11:27,negative
7374403816228061958,6917857257095693313,tdgffjjv,@u:candi prambanan aku titip kenanganku ditempatmu waktu study tour,0,2024-05-29 19:53:19,neutral
7372492832835568390,7033939086596637702,nayaaajooo,candi prambanan aku titip kenanganku waktu sama keluarga kesanağŸ¥º,0,2024-05-24 16:40:40,neutral
7374303186629198597,7338803842165490694,diana_paradisaa,seru banget tapi panas banget gak si,0,2024-05-29 13:22:54,positive
7371844405076886278,6864094821927535618,wawa_njww,"aku+kamu, candi prambanan saat ituğŸ’—",0,2024-05-22 22:21:32,neutral
7374027995684029190,6879209495801889794,oneavocad1sh,judul lagu?,0,2024-05-28 19:34:55,neutral
7371000296404763397,6655198087269810177,al_zaaa081,aku kamu dan candi prambanan,0,2024-05-20 16:27:36,neutral
7370985827985801989,6852516410468926466,glxssygrill_,@cimey:candi prambanan aku titip kenanganku ditempatmu waktu study tour,0,2024-05-20 14:49:51,neutral
7370880744580727557,7219686472726692890,xyz_des27,@cimey:candi prambanan aku titip kenanganku ditempatmu waktu study tour,0,2024-05-20 08:02:00,neutral
7372496307418661637,7289808137132393477,saturnussbyone,jogja emg secantik ituğŸ¥ºbismillah jadi maba ugm 2025ğŸ¤²,0,2024-05-24 16:31:18,neutral
7372149201545085702,6885626493830497281,lovygummy,@rara:mauu ke jogja lagii â˜¹ï¸,0,2024-05-23 18:04:14,neutral
7373004974436926213,6841783037895623681,salwaqsya,"bnyak kenangan, walaupun jalan keluarnya jauh and dompet gue ilang disana",0,2024-05-26 01:25:01,negative
7373004403038634758,6791756162536457218,loveadindaa_,kangen tahun 2023 kapan ya kesana lagi bareng keluarga lagi @ndaand,0,2024-05-26 01:22:51,positive
7369493363147850502,7360239333939250181,bit_tterfly,@cimey:candi prambanan aku titip kenanganku ditempatmu waktu study tour,0,2024-05-16 14:18:20,neutral
7372604344904598278,7284222232904811525,haniha1910,"mood gs rusak pas study tour ke sana gegara kebelet poop , mana jauh toilet nyağŸ˜­ğŸ˜­",0,2024-05-24 23:30:27,negative
7371457854433837829,7173247731632489474,pitriaweeee,"tunggu bulan juli yaa,aku studi tour ke Jogja",0,2024-05-21 21:21:30,neutral
7368387066369540869,7274954484928726023,ngeliaaaaaaaaaa,@cimey:candi prambanan aku titip kenanganku ditempatmu waktu study tour,0,2024-05-13 14:45:18,neutral
7372218766993031941,7316536053425996805,ara_xyz0091,jadi keinget aku pernah jatuh dijalan tengah PrambananğŸ˜­,0,2024-05-23 22:34:18,negative
7372451445373338373,6920196013405242370,djioji,"jirlah gua beli gantungan kunci dipintu exit 3 biji 10.000, padahal maju dikit harganya 1.000 anğŸ˜­",0,2024-05-24 13:37:11,positive
7372214316266177286,6802503128140645378,lvyaaaaninn,barusann kesanaaa,0,2024-05-23 22:16:58,neutral
7371661298045551366,7332400626078467077,nzrilll.gnteng,study tour mau ke prmbanan mlah ke malioboroğŸ˜”,0,2024-05-22 11:02:00,neutral
7367651114441016070,6909006343362708482,040ljaemin,@ciuci:candi prambanan aku titip kenanganku ditempatmu waktu study tour,0,2024-05-11 15:09:25,neutral
7367608555560010501,7203119817300444187,anakk_petani._,banyak kenangan di candi prambananâ¤,0,2024-05-11 12:24:19,neutral
7367387289414894342,7136451879106003970,sy.alenn,@ciuci:candi prambanan aku titip kenanganku ditempatmu waktu study tour,0,2024-05-10 22:05:39,neutral
7371415309608387334,6649014250055221249,dapuyyyyy_,baru kemaren ke Prambanan jadi kangen lagii,0,2024-05-21 18:36:29,positive
7367407072348898053,7116662970382287874,luhhh.05,"candi Prambanan aku menyimpan kisah ku dan teman""ku,dan? dan dia.",0,2024-05-10 23:22:26,neutral
7371616244267434757,7020576038892438530,selidrgp,"enak banget jd orng kaya, bisa jalan jalan kmn""",0,2024-05-22 07:36:12,positive
7371057041904157446,7299782177171014662,langitbiluuu13,"dulu tiap minggu ngelewatin, tp blm pernah masukğŸ˜”",0,2024-05-20 19:26:14,neutral
7370893585133060870,7083496874887595010,imarln11,MAKKK PENGEN KE JOGJAAğŸ˜­,0,2024-05-20 08:51:56,neutral
7369988232170373894,7247533872467543042,yoga3193,"gua pernah kesitu, di bus simulator",0,2024-05-17 22:18:40,neutral
7369886688447447814,7036335081426650113,abcdefghiloveduu,ga sempat ke sanaa :(ğŸ˜,0,2024-05-17 15:44:38,neutral
7368830690073035526,7218415127937926170,dew_jirwt,gw juga pernah Kali lewat doangğŸ—¿,0,2024-05-14 19:26:47,neutral
7362088270320861958,6843042035680429058,luveella__,@ucil:candi prambanan aku titip kenanganku ditempatmu waktu study tour,0,2024-04-26 15:22:50,neutral
7368105704568603398,6823200514865185794,ohrelzz__,"@cacaaaaaaaAaa:aku, kamu, Prambanan",0,2024-05-12 20:33:31,positive
7361597952668713734,7122052094664688642,ndtakylaa,@ucil:candi prambanan aku titip kenanganku ditempatmu waktu study tour,0,2024-04-25 07:40:09,neutral
7360827473699111685,6878823388614820869,apasiii_01,@ucil:candi prambanan aku titip kenanganku ditempatmu waktu study tour,0,2024-04-23 05:50:15,neutral
7368065116170502918,7219305750488024090,lip_ajaaaa,"@r:seribu kenangan, walaupun cape jalan keluar nya anjirğŸ˜ğŸ«µğŸ»",0,2024-05-12 17:55:58,negative
7368061347793978118,7238795398280872961,dhenywy,"due kenangan ng kunu tmbe medon bis udan di wei payung trs bali payung e tk dlesep ne ng pager uwet"" iku ra tk balekne, ngapuntene bukğŸ¤£",0,2024-05-12 17:41:23,neutral
7368055661765264133,72068178512,milkises29_,"@r:seribu kenangan, walaupun cape jalan keluar nya anjirğŸ˜ğŸ«µğŸ»",0,2024-05-12 17:19:23,negative
7368045199992374022,7091680518194709531,syafa_azet,waktu ke sana kemarrn hujan jadi gak puas bangetttğŸ˜­,0,2024-05-12 16:38:45,positive
7367352169094726405,6934893565253501954,ra.caca1,"kangen banget sepedaan bareng sama temen di prambanan,semoga kelak bisa kesana bareng lagiiğŸ’",0,2024-05-10 20:22:11,positive
7366933077115880197,7329533942365078534,opoesamean,pengen banget ke sini lagi sama keluarga sama saudara :(,0,2024-05-09 16:43:11,negative
7366867272524858118,7163189721845154842,bimzy_21,judul lagu?,0,2024-05-09 12:27:47,neutral
7357600456241775366,7354120838373180422,fidaadua,@uci:candi prambanan aku titip kenanganku ditempatmu waktu study tour,0,2024-04-14 13:07:47,neutral
7357342100013417222,6677519202163295234,ijahhraa,@uci:candi prambanan aku titip kenanganku ditempatmu waktu study tour,0,2024-04-13 20:25:12,neutral
7356593149992026885,7264462496680346625,jay.gf07,@uci:candi prambanan aku titip kenanganku ditempatmu waktu study tour,0,2024-04-11 19:58:56,neutral
7354535343229551365,7136687564405490690,crissttta.relpen,"aku,kamu,orang tua kita,candi Prambanan waktu itu.",0,2024-04-06 06:53:29,negative
7354534865938842374,7001279815295861762,fat23_14,@uci:candi prambanan aku titip kenanganku ditempatmu waktu study tour,0,2024-04-06 06:51:37,neutral
7354342565370528518,6916330179557196802,liliiiiiiiiuu,@uci:candi prambanan aku titip kenanganku ditempatmu waktu study tour,0,2024-04-05 18:25:29,neutral
7354655302379422469,7098957803914642458,kalllllllllllllll21,"aku, teman-teman SMP, dan candi Prambanan",0,2024-04-06 14:39:05,neutral
7354312354136834822,6842549462691578882,user09122022,@uci: candi prambanan aku titip kenanganku ditempatmu waktu study tour,0,2024-04-05 16:28:23,neutral
7355418104480252678,6721173867592696834,ptricwhaechan,@uci:candi prambanan aku titip kenanganku ditempatmu waktu study tour,0,2024-04-08 15:59:07,neutral
7355202495172592389,7352874124240307206,suka.a_kmuu,"@CellÂ²Â²:aku kamu dan candi prambanan kala itu""sekarang asing""ğŸ™‚",0,2024-04-08 02:02:25,neutral
7355202449059562245,7352874124240307206,suka.a_kmuu,@uci:candi prambanan aku titip kenanganku ditempatmu waktu study tour,0,2024-04-08 02:02:12,neutral
7354325082448069382,6944328545750336513,nathaalita_,"candi prambanan, imysm",0,2024-04-05 17:17:39,neutral
7355132335211152133,6819872616535720961,thwanoble,"hiii candi prambanan, nnti gua sabtu bkl ksitu aiwhskwkaowk",0,2024-04-07 21:30:05,neutral
7354334177845592837,7030659734626321409,c_nyaabdd,@uci:candi prambanan aku titip kenanganku ditempatmu waktu study tour,0,2024-04-05 17:52:52,neutral
7354953991438271237,7151649642714858523,call.ista3,"di candi Prambanan aku ketemu anva versi nyata ny,tpi dia uda pnya cweğŸ˜­",0,2024-04-07 09:58:04,neutral
7354914874982056710,6949383351103177729,cc.chihiroooo,"@144p:aku, teman"" smp dan candi prambanan",0,2024-04-07 07:26:17,neutral
7354714223274590982,7112379364839310337,zakkidds,candi Prambanan titip kenangan ku dengan dia,0,2024-04-06 18:27:41,neutral
7354687936475955973,6962920685329138689,glluuxx,@uci:candi prambanan aku titip kenanganku ditempatmu waktu study tour,0,2024-04-06 16:45:38,neutral
7354671117045482246,7064797657155830810,uxzy17,aku+candi prambanan+dan gerimis saat itu,0,2024-04-06 15:40:32,neutral
7354618929686119174,6884444385745912838,agunramadani28,nyesel bangett dulu ke candi Prambanan ga potbar ğŸ˜”,0,2024-04-06 12:17:54,neutral
7354613379443901189,6608271173237489666,veran_gisella,candi Prambanan dengan teman sekelas dulu,0,2024-04-06 11:56:25,neutral
7354587227009925893,7316138754582234130,kiyyeae_,"@raa ?:seribu kenangan, walaupun cape jalan keluar nya anjirğŸ˜ğŸ«µğŸ»@uci:candi prambanan aku titip kenanganku ditempatmu waktu study tour",0,2024-04-06 10:14:48,neutral
7354489264564929285,7258631419890467845,piaasukaagalauu,@uci:candi prambanan aku titip kenanganku ditempatmu waktu study tour,0,2024-04-06 03:54:46,neutral
7354443341860537094,7175470552425382913,cluvs_sie,@uci:candi prambanan aku titip kenanganku ditempatmu waktu study tour,0,2024-04-06 00:56:34,neutral
7354414899013993222,6946390050289501185,chyaaaa1,@uci:candi prambanan aku titip kenanganku ditempatmu waktu study tour,0,2024-04-05 23:06:08,neutral
7354413982067639046,6906386285348717570,onaa362,@uci:candi prambanan aku titip kenanganku ditempatmu waktu study tour,0,2024-04-05 23:02:35,neutral
7354362330799964933,7312715068238840838,nayaaaaaw2,@uci:candi prambanan aku titip kenanganku ditempatmu waktu study tour,0,2024-04-05 19:42:16,neutral
7354355970724758277,6910610747673854978,ripqiiiiiuuuu,candi prambanan dg sunset nyğŸ˜Œ,0,2024-04-05 19:17:28,neutral
7354339894548775686,6809472531851379713,dinot.05,"aku,kamu,dan candi prambanan",0,2024-04-05 18:15:10,neutral
7354326076548350726,6824289424130819074,amnd_sinta,@uci:candi prambanan aku titip kenanganku ditempatmu waktu study tour,0,2024-04-05 17:21:29,neutral
7361754979676619525,7151948614188631066,rrbluee_,"@zahraaa.:kangen bgt sama jogja, apalgi kenangan nya.",0,2024-04-25 17:49:34,neutral
7355339796213220102,6606812665993379841,akui.menungso,jogja aku titip kenangan ku sama dia ya,0,2024-04-08 10:55:17,neutral
7355113209186517766,7236912507788362754,cilllbocil6,jogja mmang indah tapi lbih indah lgi kalau aku bisa masuk di Universitas Gadjah madaâœŒâ˜º,0,2024-04-07 20:15:59,positive
7355032012698518277,7162512869795152897,martabakkejuu_0,"Jogja, bandung..",0,2024-04-07 15:00:50,neutral
7354620251822703366,7160673155291644929,37anass,@jarjitsakithati Jogja wss ayokkk,0,2024-04-06 12:23:03,neutral
7354562514891342597,6962796544719160326,nailaazka114,"@n for nnauâ‹†.Ëš á¡£ğ­© .ğ–¥”Ëš:prambanan tunggu aku kembali yaa
@â¤ï¸â€ğŸ©¹.:kangen bgt sama jogja, apalgi kenangan nya.",0,2024-04-06 08:38:54,neutral
7354538332557116166,6990327527736132609,nopembrrr,"kangen bgt sama jogja, aku titip kenanganku yaa",0,2024-04-06 07:05:10,positive
7354491515840660230,7175496987939947521,secretlifeofniaaa,jogja sejuta kenangan,0,2024-04-06 04:03:29,neutral
7358363624195310341,7335092345719178245,wedoszada,anjr keinget donghğŸ˜,0,2024-04-16 14:29:19,neutral
7354345637096145669,7085138112963871746,xxyaacya,"akuu, jogja and teman' kala itu.",0,2024-04-05 18:37:23,neutral
7354330494332732165,6600577189195235330,cuteluvv___,kgn jogja,0,2024-04-05 17:38:42,neutral
7354990684346680069,6839524802753152001,dnllxxa,"Prambanan, dulu dijalan ini aku dan dia menatap indahnya dirimu :)",0,2024-04-07 12:20:30,positive
7354716260314186501,7238258390576694274,ilikeyousahaa_,@ğ™¤ğ™§ğ™šğ™¡ğ™¡:aku kmu prambanan wktu itu,0,2024-04-06 18:35:36,neutral
7354675626282025733,6978731164287271938,yaapikiicoo,aku kamu kemah prambanan,0,2024-04-06 15:57:53,neutral
7354649418907894534,6989900212933166082,clsiiik,@á¨¦ Ö¢ ğ†¬Â  ğŸ¦¢ï¹— ê’· á°:bisa ga ya study tour part 2 ke prambanan ? :(,0,2024-04-06 14:16:15,neutral
7354560305140548357,7193909668649255963,sipaafreyaa,"aku,kalian,dan prambanan",0,2024-04-06 08:30:29,neutral
7355833421438878469,7043453455437071362,kindasvd,aku kesana sm dia co,0,2024-04-09 18:50:48,neutral
7354392723795657477,7117990483196036123,vnilalate4,"@m1lL0vee:aku, kamu, Prambanan",0,2024-04-05 21:40:03,neutral
7354326609900831494,7179379835486749698,mand_dda,@á¨¦ Ö¢ ğ†¬Â  ğŸ¦¢ï¹— ê’· á°:bisa ga ya study tour part 2 ke prambanan ? :(,0,2024-04-05 17:23:38,neutral
7354321667206873862,6649983812753735681,lvrzyzz_,"@m1lL0vee: aku, kamu, Prambanan",0,2024-04-05 17:04:26,neutral
7355454114825749253,7189865514246865946,machadepaniraaa12,gue di bulan DesemberğŸ˜Œ,0,2024-04-08 18:18:53,neutral
7355386911315526406,7098191552174130202,oawp_,sayangnya ga sempet fotoğŸ˜Œ,0,2024-04-08 13:58:04,negative
7355169657208046342,6957776801456292865,rakaalkuraya24,"studytour kala itu dengan teman, tapi keluarnya jauhh woyyğŸ˜­",0,2024-04-07 23:54:58,neutral
7355153788993405702,6960534912428655618,javaneseee1,aku dan sekelas waktu ituâ˜ºï¸,0,2024-04-07 23:14:55,neutral
7355062600764637957,7094971653323228187,rra4injourney,"@â¤ï¸â€ğŸ©¹.:kangen bgt sama jogja, apalgi kenangan nya.",0,2024-04-07 16:59:39,neutral
7355053278840226565,7107888916691174426,zellynn_05,"""candi itu tmpat kenangan ku, bersama mmah dan ayah ehh kenangannya ilang""",0,2024-04-07 16:23:31,neutral
7354978706149049093,6796230250167616513,dindaax._,@deyaya waduhâ˜¹ï¸â˜¹ï¸,0,2024-04-07 11:34:05,neutral
7354973088079856389,7250441296539927558,1603.filess,"keluarnya beli gelang, ngajak ft bule ğŸ™ğŸ™@para mawon",0,2024-04-07 11:12:13,neutral
7354962388695745285,6847127223193109505,swifthvy_,"@â¤ï¸â€ğŸ©¹.:kangen bgt sama jogja, apalgi kenangan nya.",0,2024-04-07 10:30:46,neutral
7354957892523639558,7161761699291268123,tryyput._,"@â¤ï¸â€ğŸ©¹.:kangen bgt sama jogja, apalgi kenangan nya.",0,2024-04-07 10:13:16,neutral
7354941101293175558,7024818510949794818,ss0oom3one,dejavu tour masaâ€™ smp[cry],0,2024-04-07 09:08:00,neutral
7354931395103458054,7280506056039236613,raja.iblis.1st,kenangan yang tak akan terlupa adalah aku kejebur got di sanağŸ—¿,0,2024-04-07 08:30:20,neutral
7354815445838693125,7141787791717385217,prama9_,"aku, dan teman smp kala itu",0,2024-04-07 01:00:25,neutral
7354788251649868549,6563810662614777858,imzyckaa,"mau study tour lagii,tapi gamau perjalanan nya cape bgtğŸ˜­ğŸ˜­",0,2024-04-06 23:53:05,neutral
7354761180633711366,6809224897978663937,manusiapajaa,"@raa ?:seribu kenangan, walaupun cape jalan keluar nya anjirğŸ˜ğŸ«µğŸ»",0,2024-04-06 21:29:46,neutral
7354678580930347782,7349867161055626246,hafatir,duhh Dejavuu lagiiiiğŸ˜ŒğŸ˜©,0,2024-04-06 16:09:22,positive
7354670731747558149,6862656858897990658,shkyra,"@â¤ï¸â€ğŸ©¹.:kangen bgt sama jogja, apalgi kenangan nya.",0,2024-04-06 15:38:55,neutral
7354667147719705349,6958343047537181701,rostingbola5,terakhir kesini study tour 2 tahun lalu,0,2024-04-06 15:25:05,neutral
7354665272870241030,7244822935084106758,nilabirasekarmatani,@fkriii:kangen bnget jogjaa,0,2024-04-06 15:17:52,neutral
7354652654742225670,6958916224899007493,nu_rll1,"@raa ?: seribu kenangan, walaupun cape jalan keluar nya anjirğŸ˜ğŸ«µğŸ»",0,2024-04-06 14:28:47,neutral
7354624829607428870,6827826887755940865,upieeeeyi,semoga bisa kesana lg yaAllah ğŸ˜«ğŸ˜«ğŸ’—,0,2024-04-06 12:40:43,neutral
7354610277219123974,6766102894142178306,ayy.niee,tempat bisa di kunjungi kembali tapi kenangan nya ga bisa di ulang lagi,0,2024-04-06 11:44:23,neutral
7354607507761971974,6749064021099414530,enauauuu,"@raa ?:seribu kenangan, walaupun cape jalan keluar nya anjirğŸ˜ğŸ«µğŸ»",0,2024-04-06 11:33:38,neutral
7354604562210767622,7031104163875357697,repaa0309,kenangan terakhir kelas 9 ğŸ¥º,0,2024-04-06 11:22:07,neutral
7354601375462195974,7050692430324696090,deeiuudday,@uci:candi prambanan aku titip kenanganku ditempatmu waktu study tour,0,2024-04-06 11:09:45,neutral
7354563226392888070,6939890628722754562,nzaaya,@uci:candi prambanan aku titip kenanganku ditempatmu waktu study tour,0,2024-04-06 08:41:43,neutral
7354545834606052102,7322111055898149893,user4551599826511,bulan kmren ke situğŸ¥º,0,2024-04-06 07:34:12,neutral
7354510091623858950,7117527032698782746,floseaus,"jd kangen kakek, dlu wktu k candi msih ada kakek soalnya",0,2024-04-06 05:15:29,positive
7354505213145481990,6773795633427137538,almanasla_,"Aku, kamu dan prambananğŸ˜«",0,2024-04-06 04:56:37,neutral
7354494712580080389,7183172688968467482,chalyslaa,candi aku g akan melupakan momen di sana,0,2024-04-06 04:15:53,neutral
7354483690036478726,7166629347884811291,hanzbutuhuang,jalan nya ga asing jadi Dejavu 1 THN yang lalu,0,2024-04-06 03:33:02,negative
7354444711686800134,6907779286989128706,nuhaknnnnnnn,sedih banget waktu ke sini posisi lagi hujanğŸ¥¹,0,2024-04-06 01:01:53,negative
7354422221421757190,7064052288772277275,chiiy26_,"@raa ?:seribu kenangan, walaupun cape jalan keluar nya anjirğŸ˜ğŸ«µğŸ»",0,2024-04-05 23:34:36,neutral
7354421534456644358,6916382142126031873,prieceskyy,"sendiri, senja dan yogya ğŸ˜",0,2024-04-05 23:31:48,neutral
7354399183137604357,7353589210790052870,about.zzzz,"@m1lL0vee:aku, kamu, Prambanan",0,2024-04-05 22:05:12,neutral
7354389383833420550,6912068004272800769,floowwenz,@Â¹%:keluar nya jauh bgt,0,2024-04-05 21:27:04,negative
7354381934678950661,7112959953011311642,sipputtr,sringg bgt ke sna klo liburr[drool],0,2024-04-05 20:58:17,neutral
7354380425282339590,6741927090784191490,ipanraga25,lupa kalo masanya Uda selesaiâ˜ºï¸,0,2024-04-05 20:52:22,neutral
7354374200445256453,7058663188900103195,eyysfrlaa,"@raa ?:seribu kenangan, walaupun cape jalan keluar nya anjirğŸ˜ğŸ«µğŸ»",0,2024-04-05 20:28:17,neutral
7354370703279637253,6975724016490103810,cakkharr,"yah, aku jadi keinget aku pernah disitu dengan ayah lari sana sini dengan bahagia, tepat di video dulunya ada pohon beringin yang ku buat ayunan bersama ayah ku. bahagia rasanya.",0,2024-04-05 20:14:33,positive
7354369589926445829,7062576372422591514,ndjwaaaaaaa,"@raa ?:seribu kenangan, walaupun cape jalan keluar nya anjirğŸ˜ğŸ«µğŸ»",0,2024-04-05 20:10:14,neutral
7354347667399443206,6862166713341854721,talllllitha,"ihh kangen, kenangannya",0,2024-04-05 19:21:56,neutral
7354355050251436805,6881449234887230470,yuhzinnakhmall,pengen balikkkk @N,0,2024-04-05 19:13:59,positive
7354351170581725958,7307516684301583365,abcdeaerr,"pengen kecandi prambanan lagi, tp cuma sama dia ga satu angkatan ğŸ˜”",0,2024-04-05 18:58:47,negative
7354346459417920261,6798004275559121921,aurarsti,prambanan seindah itu,0,2024-04-05 18:40:28,neutral
7354343052708872966,7109019304242660378,jjieunvyca,"aku, kamu, dan Prambanan waktu ituu",0,2024-04-05 18:27:23,neutral
7354342426867909381,7229250346065134618,secrett.001_,kee inget gresikğŸ˜,0,2024-04-05 18:24:56,neutral
7354342028316836613,7122231736898470914,aqniiprsst,"@raa ?:seribu kenangan, walaupun cape jalan keluar nya anjirğŸ˜ğŸ«µğŸ»",0,2024-04-05 18:23:23,neutral
7354341757638017797,6956336904863024129,akuuudeaa,"@raa ?:seribu kenangan, walaupun cape jalan keluar nya anjirğŸ˜ğŸ«µğŸ»",0,2024-04-05 18:22:23,neutral
7354341330761745158,6794382740714341377,levasyae,demi allah disana panas bgt ğŸ˜­,0,2024-04-05 18:20:36,negative
7354341261900317445,6958393820031910914,huuuuuuuu254,udah lama ga kesini lagiğŸ˜…,0,2024-04-05 18:20:24,negative
7354339110335890182,6865910365667738625,gagioo.g,candi BubrahğŸ˜,0,2024-04-05 18:12:08,neutral
7354336418129265414,6960563276255118337,buble.swetie,"@raa ?:seribu kenangan, walaupun cape jalan keluar nya anjir",0,2024-04-05 18:01:41,neutral
7354335552932954886,7289089503280989202,qiyaaror,"@â¤ï¸â€ğŸ©¹.:kangen bgt sama Jogja, apalgi kenangan nya.",0,2024-04-05 17:58:21,neutral
7354332313335071494,6609478866770608129,zwnd_,"aku,sekelas, Prambanan waktu itu",0,2024-04-05 17:45:39,neutral
7354330630601999110,7101859473215685658,nadira1112,"@â¤ï¸â€ğŸ©¹.:kangen bgt sama jogja, apalgi kenangan nya.",0,2024-04-05 17:39:11,neutral
7354327014213731078,6840263331228648449,malfoloy,"@â¤ï¸â€ğŸ©¹.:kangen bgt sama jogja, apalgi kenangan nya.",0,2024-04-05 17:25:08,neutral
7354323718695158533,7248110557990552584,niabcdef9h,"@â¤ï¸â€ğŸ©¹.:kangen bgt sama jogja, apalgi kenangan nya.",0,2024-04-05 17:12:18,neutral
7354321554916721413,7084318358706963483,zxyyah,anjir kangen banget lagi,0,2024-04-05 17:03:57,positive
7374013255138181893,7210964479310414849,kebontunggulhideung,Swara Prambanan :),0,2024-05-28 18:37:45,positive
7372573123999023877,7325453480955528198,pesoccer123,study tour ya,0,2024-05-24 21:29:20,neutral
7371794042696909573,7233646018741470210,hanzzz1515,@hoho @DONZZZ ngendi ikihhh,0,2024-05-22 19:06:03,neutral
7368429072056517382,6935590505250096130,rererejaaa_,aku kamu dan study tour kala itu...,0,2024-05-13 17:28:23,neutral
7354620219819721477,7338791912042890246,nfnb___,study tour kala ituu,0,2024-04-06 12:22:50,neutral
7354340174858306310,6807313319260308482,_nvrny,dejavu ğŸ˜”,0,2024-04-05 18:16:14,neutral
7367612130322907910,7186103804139258906,user23il,@chnppğŸ’¥ kgn pas drama roro jonggrangğŸ˜,0,2024-05-11 12:38:04,negative
7372424332398363397,7337104921806717959,dexzcryu,candi Prambanan titip kenangan ku disitu semoga aku bisa kesitu lagi dengan pasangan ku kelak,0,2024-05-24 11:51:57,positive
7372145746902090501,7059674512032056346,merahkuningtulip,aaaaaaa ada kenangannnğŸ¥¹,0,2024-05-23 18:25:18,positive
7354344088039572229,6926001997049398273,ayyunnso,aku kamu dan candi Prambanan waktu ituğŸ˜»,0,2024-04-05 18:31:25,neutral
7354370465081492230,7332490996988609542,kknzwaa,"aku,kamu dan candi prambanan",0,2024-04-05 20:13:43,neutral
7354352280295375622,7237381462772646913,mas_all6161,kangen jogjağŸ˜¥,0,2024-04-05 19:03:16,positive
7355123584518439686,7123811560690959387,raisyahh.nyl,@uci:candi prambanan aku titip kenanganku ditempatmu waktu study tour,0,2024-04-07 20:56:13,neutral
7354946042603340550,7114297209756189722,_urfvvana,"@raa ?:seribu kenangan, walaupun cape jalan keluar nya anjirğŸ˜ğŸ«µğŸ»",0,2024-04-07 09:27:13,neutral
7354839733769372421,7208050163024757786,xyz.camyla,satu wisata seribu kenangan,0,2024-04-07 02:34:38,neutral
7354706079714984709,7093300856951096321,pipiszzz_,kangenn gw jatoh di sanaağŸ˜­,0,2024-04-06 17:56:08,neutral
7354652067170779910,7227684425184789530,zqhraa1,kangenn bgtt semoga bisa kesana lagii,0,2024-04-06 14:26:30,neutral
7354609535103402757,7247505298717377541,lo0vee.e,"aku,temanku,sepedah,candi prambanan,studytour.",0,2024-04-06 11:41:26,neutral
7354576972129993477,7173282890251404289,cwe_smp,@uci:candi prambanan aku titip kenanganku ditempatmu waktu study tour,0,2024-04-06 09:35:09,neutral
7354437093953831685,7021914128744236037,kaikaiiiuu,"@â¤ï¸â€ğŸ©¹.:kangen bgt sama jogja, apalgi kenangan nya.",0,2024-04-06 00:32:16,neutral
7354406157765690117,6838225827534406658,_akiezz,"@â¤ï¸â€ğŸ©¹.:kangen bgt sama jogja, apalgi kenangan nya.",0,2024-04-05 22:32:17,neutral
7354377937876206341,6791339036897969153,yourc_iaaaaaa,kangen candi prambanan meski keluar nya jauh bet ğŸ˜,0,2024-04-05 20:42:47,positive
7374417077874377477,7233420080841933825,muzaqizaqi6,@ğ™‡ğ™œğ™–ğ™£ğ™–ğ™ ğ˜½ğ˜¼ğ™„ğ™†ğŸ’¥ @alPINN77,0,2024-05-29 20:44:45,neutral
7372064140381569797,6937144034578465793,nsaasa_nsa,@N forr naa @auzsyy_ @aulia_zsyy @linaa...13 ğŸ¥ºğŸ¥º,0,2024-05-23 12:34:21,neutral
7355006487086842629,7008478099370689537,n.frr_saa,@zaaa @aurelia,0,2024-04-07 13:21:44,neutral
7354660657969398534,7127516099528475649,reeeevaaann,@marvel_cogam190,0,2024-04-06 14:59:53,neutral
7354555643405730565,6575361900513869825,clsyyptri_,@erin @bengbeng,0,2024-04-06 08:12:17,neutral
7376301547363681029,6736052413998810114,camattt04,@dayaaditio2 @NADHIPP â˜¹ï¸,0,2024-06-03 22:37:27,neutral
7375782188174623494,7225204497592599560,acroaarrr,KANGEEEENNNNN JOGJAAAAA !!!!,0,2024-06-02 13:02:10,positive
7367275967754928901,7074838338079097883,..viaa_,@nvikaaa_.,0,2024-05-10 14:53:44,neutral
7367261234787549958,6909067397282792450,linaa.chlni,@yang inii @zalfaaa:D @yriina,0,2024-05-10 13:56:29,neutral
7354718699566433030,7143173862908871706,rizzzzzzz663,@gw_risal @maspii_genk @vhelsarhu,0,2024-04-06 18:45:06,neutral
7374676634753352453,6877419890711151618,inidentiii,@veyy,0,2024-05-30 13:32:08,neutral
7354992619686068998,6808838822421758978,marrasofii,@inibeatrys ğŸ˜¥,0,2024-04-07 12:27:57,neutral
7354493973627814662,6831683354623362049,npia06,@ayaa? @sell,0,2024-04-06 04:13:05,neutral
7354346950588613381,7194758523904246811,sifarizi3,@2am,0,2024-04-05 18:42:28,neutral
7374799142076416773,7247528229610144774,cipaauu1,@Desss,0,2024-05-30 21:27:26,neutral
7372987179692704517,7298020459614323718,egaaaaaaaaa05,@zarağŸ§™ğŸ»â€â™€ï¸ @ğŸ¦‰,0,2024-05-26 00:16:10,neutral
7355136037931418374,7210277579860083738,aelino1,@3,0,2024-04-07 21:44:31,neutral
7354648142011073286,7182860481508836379,ghe0ww,@chloyyd_,0,2024-04-06 14:11:18,neutral
7354598622457185029,7065555832574805018,selkiio,ğŸ¥ºğŸ¥ºğŸ¥º,0,2024-04-06 10:59:10,neutral
7354432992087606022,7275887328043762693,avrilyarosaaa,@bunga alyaa,0,2024-04-06 00:16:19,neutral
7354420652939444998,6728221010083267586,alexsapputri_,@ndğŸ…°ï¸,0,2024-04-05 23:28:22,neutral
7354349255878689542,7214078328377230362,ronlyanfvcj,@Yehayeha,0,2024-04-05 18:51:25,neutral
7354340946820121349,6875661225058763778,soniarff_,@raisya's ğŸ«§ğŸ€ğŸš @re @candycrush @nau's ğŸ˜£à¾€à½²ğŸ€ @acii (taylor's version) @_stisnilia17 @m kangen ga,0,2024-04-05 18:19:12,positive
7374397814064890629,7113694435888006150,shashirizanti,kangen candi Prambanan ğŸ¥º,0,2024-05-29 19:29:59,positive
7367546086313902854,7171807189487715329,brinaayour,aaa sedihh bangett aku ke prambanan malah hujannn ğŸ˜­ğŸ˜­ğŸ˜­,0,2024-05-11 08:21:57,neutral
7354643259421410054,7000550356242596891,chippoci,deja vu..,0,2024-04-06 13:52:20,neutral
7363648222394598150,6996567886383678491,mushroom5457,@à»ˆãƒãƒ«ãƒã‚§ãƒ¬ã‚ªãƒ»ãƒ¦ãƒ€Ë—Ë‹Ë$ËËŠË— @lanangcadangan @rizkyseptiani15 @dwiputra1686 1 kelas dan candi Prambanan saat ituuğŸ˜”,0,2024-04-30 20:16:07,neutral
7375081607403946758,7221940417264206849,dnizzni,@WONG  ELEK223 @IBAD INM @gembor ganzz,0,2024-05-31 15:43:36,neutral
7374428025137791750,7260372159759090695,qchil,"@ËšË–ğ“¢Ö´à»‹ğŸŒ·Í™Ö’âœ§Ëš.ğŸ€à¼˜â‹†:aku, kamu dan candi prambanan.",0,2024-05-29 21:27:14,neutral
7372018309696422662,6840417196188369925,sitinurjannah172,@-ğ«ğ®ğ›ğ² â¦:@cimey:candi prambanan aku titip kenanganku ditempatmu,0,2024-05-23 09:36:29,neutral
7371479358269473541,6906982390062924801,boaboaboa_,"kangen banget sama tmn"" sklh cuk",0,2024-05-21 22:44:55,positive
7354335826858574597,7052904907519116315,piraaaww21,@uci:candi prambanan aku titip kenanganku ditempatmu waktu study tour.,0,2024-04-05 17:59:22,neutral
7354376050988090118,7036995999881905179,nrhtx_,ditunggu-tunggu eh malah sakitğŸ—¿,0,2024-04-05 20:35:21,neutral
7354349823426151173,6938367191185245186,agstinvr,"@esaazii leh metu adohh, gek sendal e pedot pisannğŸ˜©ğŸ˜©",0,2024-04-05 18:53:35,neutral
7367171305067741957,6935462236618179586,pinskyyn0c,@ikaa @netuerlyy biyen mlaku liwat kene,0,2024-05-10 08:07:31,neutral
7368115277680345862,6693911823970157569,rhmadn._,"Prambanan bikin aku trauma pas study tour, tapi tetep menjadi kenangan indah!",0,2024-05-12 21:10:34,negative
7373198492418458374,6869247722693772290,urcaicaa,@mekk,0,2024-05-26 13:56:06,neutral
7355833767271891718,7043453455437071362,kindasvd,trauma @i,0,2024-04-09 18:52:07,negative
7362148023797859077,7069940433057563675,albrraalfrss,@Sobett' @ğŸŠ ped china,0,2024-04-26 19:14:41,neutral
